"SubIndice","Peso"
"Derecho",0.0558772652420865
"Economia",0.0869783053666976
"Gobierno",0.0766413276069463
"Innovacion",0.0671621105366066
"MedioAmbiente",0.0991547732781621
"MercadoLaboral",0.0626628274828598
"Politico",0.0412246501743522
"Precursores",0.228573393481259
"RI",0.0936335482729082
"Sociedad",0.188091798558122
